{
    "Footprint": 21000,
    "ConnectionSparsity": 0.0,
    "R2": 0.7217938899993896,
    "ActivationSparsity": 0.9826897569844194,
    "SynapticOperations": {
        "Effective_MACs": 0.0,
        "Effective_ACs": 310.4806585309694,
        "Dense": 10368.0
    }
}