{
    "SynapticOperations": {
        "Effective_MACs": 0.0,
        "Effective_ACs": 12971.372515158493,
        "Dense": 932075.2954179139
    }
}