{
  "loss": [
    0.23423778148073898,
    0.2320239300790586,
    0.23129605305822273,
    0.23040574632192912,
    0.22966391083441282
  ],
  "reg_loss": [
    0.5757799454425511,
    0.0036293376303403514,
    0.00022069177985509954,
    0.00018271316787975498,
    0.00020306124061837756
  ],
  "r2x": [
    -0.016842105499419727,
    -0.0038947368494087926,
    0.00110526315524782,
    0.007736842129624596,
    0.014157894674051357
  ],
  "r2y": [
    -0.05999999983530296,
    -0.019894736892494717,
    -0.00684210531854708,
    0.0018947369443546784,
    0.007684210560431606
  ],
  "r2": [
    -0.03842105260609012,
    -0.011789473766264947,
    -0.0027894737064152173,
    0.004842105303204765,
    0.010894736863280597
  ],
  "val_loss": [
    0.27913985401391983,
    0.2784995660185814,
    0.2779765799641609,
    0.2773094177246094,
    0.27648475021123886
  ],
  "val_reg_loss": [
    0.00022465523670689436,
    1.041237646859372e-05,
    5.945187922407058e-06,
    5.430037163023371e-06,
    5.1130591600667685e-06
  ],
  "val_r2x": [
    0.0017500000831205398,
    0.004249999998137355,
    0.00774999987334013,
    0.013500000117346644,
    0.01925000036135316
  ],
  "val_r2y": [
    -0.010250000050291419,
    0.0005000000237487257,
    0.005499999970197678,
    0.00774999987334013,
    0.012749999761581421
  ],
  "val_r2": [
    -0.004250000114552677,
    0.0025000000605359674,
    0.006500000134110451,
    0.010249999817460775,
    0.01625000056810677
  ]
}