{
  "loss": [
    0.23894688330198588,
    0.21599745907281576,
    0.2015751772805264,
    0.19384205576620603,
    0.1890031264016503
  ],
  "reg_loss": [
    0.031614016582209026,
    0.002393177203454175,
    0.0017002073122727637,
    0.001262531387558403,
    0.0011819075152743608
  ],
  "r2x": [
    -0.006842105116352047,
    0.1515263154318458,
    0.25526315522821325,
    0.30368421109099136,
    0.33405263172952754
  ],
  "r2y": [
    -0.2572105236743626,
    0.05036842188258704,
    0.19257894432858416,
    0.27126315706654597,
    0.3201052609242891
  ],
  "r2": [
    -0.13184210392156323,
    0.10105263088878833,
    0.2240000014242373,
    0.28742105553024694,
    0.3271578942474566
  ],
  "val_loss": [
    0.26602309942245483,
    0.2401309832930565,
    0.2306821495294571,
    0.2179388888180256,
    0.21267087012529373
  ],
  "val_reg_loss": [
    2.3846001568017527e-05,
    1.2616952517419122e-05,
    1.1541590311026084e-05,
    8.73924511779478e-06,
    8.095607199720689e-06
  ],
  "val_r2x": [
    0.10974999889731407,
    0.2694999985396862,
    0.317500002682209,
    0.39124999940395355,
    0.41474999487400055
  ],
  "val_r2y": [
    0.03225000062957406,
    0.22499999776482582,
    0.310249999165535,
    0.3817499950528145,
    0.42799999564886093
  ],
  "val_r2": [
    0.07074999995529652,
    0.2475000023841858,
    0.31425000727176666,
    0.3867500051856041,
    0.42125000059604645
  ]
}